{
  "train_loss": [
    2.4004561888134996,
    0.2028476850170156,
    0.09734359496961469,
    0.1041932376506536,
    0.09214831378472887,
    0.08201854384463766,
    0.09668172175145667,
    0.09534907867403133,
    0.1098681842179402,
    0.10519980906468371
  ],
  "train_acc": [
    0.5937273567137511,
    0.9870923913043478,
    0.9989809782608695,
    0.9989583349746206,
    0.9989809782608695,
    1.0,
    0.9989809782608695,
    0.9989809782608695,
    0.9972826086956522,
    0.9983016304347826
  ],
  "val_loss": [
    1.3887160675866264,
    0.15284056961536407,
    0.24680982955864497,
    0.3069531534399305,
    0.07977512585265296,
    0.11589487748486656,
    0.1933279846395765,
    0.22060220582144602,
    0.11921113303729466,
    0.22367159596511296
  ],
  "val_acc": [
    0.5729910731315613,
    1.0,
    1.0,
    0.9933035714285714,
    1.0,
    1.0,
    0.9933035714285714,
    0.9799107142857143,
    1.0,
    0.9933035714285714
  ]
}