{
  "train_loss": [
    2.4345130142958267,
    0.20417196012061575,
    0.10760287009179592,
    0.09254062532082848,
    0.0849415505223948,
    0.09057879950041356,
    0.08724091987570991,
    0.10831716292254302,
    0.08835482735024847,
    0.08597937436855357
  ],
  "train_acc": [
    0.6439085149246714,
    0.9826766304347826,
    0.9972826086956522,
    0.9989809782608695,
    0.9979619565217391,
    0.998641304347826,
    0.9996603260869565,
    0.9976222826086957,
    0.9979619565217391,
    0.998641304347826
  ],
  "val_loss": [
    1.1808048231261117,
    0.1699343706880297,
    0.17636886026178086,
    0.13463695240872248,
    0.11121785427842822,
    0.11814846311296735,
    0.1536350143807275,
    0.21005954912730626,
    0.11022842675447464,
    0.17401477162327086
  ],
  "val_acc": [
    0.7430059569222587,
    0.9866071428571429,
    1.0,
    1.0,
    0.9933035714285714,
    1.0,
    0.9933035714285714,
    0.9933035714285714,
    0.9933035714285714,
    0.9933035714285714
  ]
}