{
    "train_loss": [
        3.2646206902421038,
        1.6723340283269468,
        0.8465373878893645,
        0.5121818664281265,
        0.3869591507574786
    ],
    "train_acc": [
        0.38004658403603925,
        0.9089188666447349,
        0.9921875,
        0.9996603260869565,
        1.0
    ],
    "val_loss": [
        2.9558484383991788,
        1.7664100187165397,
        1.079220358814512,
        0.7729137880461556,
        0.6746417113712856
    ],
    "val_acc": [
        0.3762755106602396,
        0.953125,
        1.0,
        1.0,
        1.0
    ]
}